keyword,tier,target_url,country,language,device
agentiq vs wati,1,https://agentiq.co.in/agentiq-vs-wati,IN,en,mobile
wati alternative india,1,https://agentiq.co.in/agentiq-vs-wati,IN,en,mobile
aisensy vs interakt,1,https://agentiq.co.in/agentiq-vs-aisensy,IN,en,mobile
agentiq vs aisensy,1,https://agentiq.co.in/agentiq-vs-aisensy,IN,en,mobile
agentiq vs interakt,1,https://agentiq.co.in/agentiq-vs-interakt,IN,en,mobile
agentiq vs yellow.ai,1,https://agentiq.co.in/agentiq-vs-yellow-ai,IN,en,mobile
aisensy alternative,1,https://agentiq.co.in/agentiq-vs-aisensy,IN,en,mobile
interakt alternative india,1,https://agentiq.co.in/agentiq-vs-interakt,IN,en,mobile
wati vs aisensy,1,https://agentiq.co.in/agentiq-vs-wati,IN,en,mobile
yellow.ai alternative india,1,https://agentiq.co.in/agentiq-vs-yellow-ai,IN,en,mobile
agentiq vs limechat,1,https://agentiq.co.in/agentiq-vs-limechat,IN,en,mobile
agentiq vs gupshup,1,https://agentiq.co.in/agentiq-vs-gupshup,IN,en,mobile
ai chatbot for restaurants india,2,https://agentiq.co.in/restaurants,IN,en,mobile
whatsapp chatbot for clinics,2,https://agentiq.co.in/clinics,IN,en,mobile
salon booking chatbot india,2,https://agentiq.co.in/salons,IN,en,mobile
whatsapp chatbot for restaurants,2,https://agentiq.co.in/restaurants,IN,en,mobile
ai chatbot for salons india,2,https://agentiq.co.in/salons,IN,en,mobile
clinic appointment chatbot india,2,https://agentiq.co.in/clinics,IN,en,mobile
d2c whatsapp chatbot india,2,https://agentiq.co.in/d2c-ecommerce,IN,en,mobile
restaurant reservation chatbot india,2,https://agentiq.co.in/restaurants,IN,en,mobile
best ai chatbot for restaurants india,2,https://agentiq.co.in/blog/best-ai-chatbot-for-restaurants-india,IN,en,mobile
best whatsapp chatbot for d2c india,2,https://agentiq.co.in/blog/best-whatsapp-chatbot-for-d2c-brands-india,IN,en,mobile
ai voice agent for clinics india,2,https://agentiq.co.in/ai-voice-agents-india,IN,en,mobile
done for you ai chatbot,3,https://agentiq.co.in/ai-chatbot-india,IN,en,mobile
whatsapp chatbot agency india,3,https://agentiq.co.in/ai-chatbot-india,IN,en,mobile
managed ai chatbot service,3,https://agentiq.co.in/ai-chatbot-india,IN,en,mobile
ai chatbot agency india,3,https://agentiq.co.in/ai-chatbot-india,IN,en,mobile
done for you whatsapp chatbot india,3,https://agentiq.co.in/ai-chatbot-india,IN,en,mobile
managed whatsapp chatbot india,3,https://agentiq.co.in/ai-chatbot-india,IN,en,mobile
ai chatbot india,4,https://agentiq.co.in/ai-chatbot-india,IN,en,mobile
ai chatbots india,4,https://agentiq.co.in/ai-chatbot-india,IN,en,mobile
best ai chatbot for business india,4,https://agentiq.co.in/ai-chatbot-india,IN,en,mobile
whatsapp chatbot india,4,https://agentiq.co.in/ai-chatbot-india,IN,en,mobile
